admin3Name_en,admin3Name_alias,admin3Pcode,admin2Name_en,admin2Name_alias,admin2Pcode,admin1Name_en,admin1Name_alias,admin1Pcode,admin0Name_en,admin0Name_alias,admin0Pcode
NGAOUNDAL,NGAOUNDAL,AD0101,DJEREM,DJEREM,AD01,ADAMAOUA,ADAMAOUA,AD,Cameroon,Cameroon,CMR
TIBATI,TIBATI,AD0102,DJEREM,DJEREM,AD01,ADAMAOUA,ADAMAOUA,AD,Cameroon,Cameroon,CMR
GALIM TIGNERE,GALIM TIGNERE,AD0201,FARO ET DEO,FARO ET DEO,AD02,ADAMAOUA,ADAMAOUA,AD,Cameroon,Cameroon,CMR
KONTCHA,KONTCHA,AD0202,FARO ET DEO,FARO ET DEO,AD02,ADAMAOUA,ADAMAOUA,AD,Cameroon,Cameroon,CMR
MAYO-BALEO,MAYO-BALEO,AD0203,FARO ET DEO,FARO ET DEO,AD02,ADAMAOUA,ADAMAOUA,AD,Cameroon,Cameroon,CMR
TIGNERE,TIGNERE,AD0204,FARO ET DEO,FARO ET DEO,AD02,ADAMAOUA,ADAMAOUA,AD,Cameroon,Cameroon,CMR
BANKIM,BANKIM,AD0301,MAYO BANYO,MAYO BANYO,AD03,ADAMAOUA,ADAMAOUA,AD,Cameroon,Cameroon,CMR
BANYO,BANYO,AD0302,MAYO BANYO,MAYO BANYO,AD03,ADAMAOUA,ADAMAOUA,AD,Cameroon,Cameroon,CMR
MAYO-DARLE,MAYO-DARLE,AD0303,MAYO BANYO,MAYO BANYO,AD03,ADAMAOUA,ADAMAOUA,AD,Cameroon,Cameroon,CMR
DIR,DIR,AD0401,MBERE,MBERE,AD04,ADAMAOUA,ADAMAOUA,AD,Cameroon,Cameroon,CMR
NGAOUI,NGAOUI,AD0403,MBERE,MBERE,AD04,ADAMAOUA,ADAMAOUA,AD,Cameroon,Cameroon,CMR
MEIGANGA,MEIGANGA,AD0404,MBERE,MBERE,AD04,ADAMAOUA,ADAMAOUA,AD,Cameroon,Cameroon,CMR
BELEL,BELEL,AD0501,VINA,VINA,AD05,ADAMAOUA,ADAMAOUA,AD,Cameroon,Cameroon,CMR
MARTAP,MARTAP,AD0502,VINA,VINA,AD05,ADAMAOUA,ADAMAOUA,AD,Cameroon,Cameroon,CMR
MBE,MBE,AD0503,VINA,VINA,AD05,ADAMAOUA,ADAMAOUA,AD,Cameroon,Cameroon,CMR
NGANHA,NGANHA,AD0504,VINA,VINA,AD05,ADAMAOUA,ADAMAOUA,AD,Cameroon,Cameroon,CMR
NGAOUNDERE I,NGAOUNDERE I,AD0505,VINA,VINA,AD05,ADAMAOUA,ADAMAOUA,AD,Cameroon,Cameroon,CMR
NGAOUNDERE II,NGAOUNDERE II,AD0506,VINA,VINA,AD05,ADAMAOUA,ADAMAOUA,AD,Cameroon,Cameroon,CMR
NGAOUNDERE III,NGAOUNDERE III,AD0507,VINA,VINA,AD05,ADAMAOUA,ADAMAOUA,AD,Cameroon,Cameroon,CMR
NYAMBAKA,NYAMBAKA,AD0508,VINA,VINA,AD05,ADAMAOUA,ADAMAOUA,AD,Cameroon,Cameroon,CMR
BIBEY,BIBEY,CE0101,HAUTE SANAGA,HAUTE SANAGA,CE01,CENTRE,CENTRE,CE,Cameroon,Cameroon,CMR
LEMBE YEZOUM,LEMBE YEZOUM,CE0102,HAUTE SANAGA,HAUTE SANAGA,CE01,CENTRE,CENTRE,CE,Cameroon,Cameroon,CMR
MBANDJOCK,MBANDJOCK,CE0103,HAUTE SANAGA,HAUTE SANAGA,CE01,CENTRE,CENTRE,CE,Cameroon,Cameroon,CMR
MINTA,MINTA,CE0104,HAUTE SANAGA,HAUTE SANAGA,CE01,CENTRE,CENTRE,CE,Cameroon,Cameroon,CMR
NSEM,NSEM,CE0105,HAUTE SANAGA,HAUTE SANAGA,CE01,CENTRE,CENTRE,CE,Cameroon,Cameroon,CMR
BATSCHENGA,BATSCHENGA,CE0201,LEKIE,LEKIE,CE02,CENTRE,CENTRE,CE,Cameroon,Cameroon,CMR
EBEBDA,EBEBDA,CE0202,LEKIE,LEKIE,CE02,CENTRE,CENTRE,CE,Cameroon,Cameroon,CMR
ELIG-MFOMO,ELIG-MFOMO,CE0203,LEKIE,LEKIE,CE02,CENTRE,CENTRE,CE,Cameroon,Cameroon,CMR
EVODOULA,EVODOULA,CE0204,LEKIE,LEKIE,CE02,CENTRE,CENTRE,CE,Cameroon,Cameroon,CMR
LOBO,LOBO,CE0205,LEKIE,LEKIE,CE02,CENTRE,CENTRE,CE,Cameroon,Cameroon,CMR
MONATELE,MONATELE,CE0206,LEKIE,LEKIE,CE02,CENTRE,CENTRE,CE,Cameroon,Cameroon,CMR
OBALA,OBALA,CE0207,LEKIE,LEKIE,CE02,CENTRE,CENTRE,CE,Cameroon,Cameroon,CMR
OKOLA,OKOLA,CE0208,LEKIE,LEKIE,CE02,CENTRE,CENTRE,CE,Cameroon,Cameroon,CMR
SA'A,SA'A,CE0209,LEKIE,LEKIE,CE02,CENTRE,CENTRE,CE,Cameroon,Cameroon,CMR
BAFIA,BAFIA,CE0301,MBAM ET INOUBOU,MBAM ET INOUBOU,CE03,CENTRE,CENTRE,CE,Cameroon,Cameroon,CMR
BOKITO,BOKITO,CE0302,MBAM ET INOUBOU,MBAM ET INOUBOU,CE03,CENTRE,CENTRE,CE,Cameroon,Cameroon,CMR
DEUK,DEUK,CE0303,MBAM ET INOUBOU,MBAM ET INOUBOU,CE03,CENTRE,CENTRE,CE,Cameroon,Cameroon,CMR
DEUK,DEUK,CE0304,MBAM ET INOUBOU,MBAM ET INOUBOU,CE03,CENTRE,CENTRE,CE,Cameroon,Cameroon,CMR
KON-YAMBETTA,KON-YAMBETTA,CE0305,MBAM ET INOUBOU,MBAM ET INOUBOU,CE03,CENTRE,CENTRE,CE,Cameroon,Cameroon,CMR
MAKENENE,MAKENENE,CE0306,MBAM ET INOUBOU,MBAM ET INOUBOU,CE03,CENTRE,CENTRE,CE,Cameroon,Cameroon,CMR
NDIKINIMEKI,NDIKINIMEKI,CE0307,MBAM ET INOUBOU,MBAM ET INOUBOU,CE03,CENTRE,CENTRE,CE,Cameroon,Cameroon,CMR
NITOUKOU,NITOUKOU,CE0308,MBAM ET INOUBOU,MBAM ET INOUBOU,CE03,CENTRE,CENTRE,CE,Cameroon,Cameroon,CMR
OMBESSA,OMBESSA,CE0309,MBAM ET INOUBOU,MBAM ET INOUBOU,CE03,CENTRE,CENTRE,CE,Cameroon,Cameroon,CMR
MBANGASSINA,MBANGASSINA,CE0401,MBAM ET KIM,MBAM ET KIM,CE04,CENTRE,CENTRE,CE,Cameroon,Cameroon,CMR
NGAMBE-TIKAR,NGAMBE-TIKAR,CE0402,MBAM ET KIM,MBAM ET KIM,CE04,CENTRE,CENTRE,CE,Cameroon,Cameroon,CMR
NGORO,NGORO,CE0403,MBAM ET KIM,MBAM ET KIM,CE04,CENTRE,CENTRE,CE,Cameroon,Cameroon,CMR
NTUI,NTUI,CE0404,MBAM ET KIM,MBAM ET KIM,CE04,CENTRE,CENTRE,CE,Cameroon,Cameroon,CMR
NTUI,NTUI,CE0405,MBAM ET KIM,MBAM ET KIM,CE04,CENTRE,CENTRE,CE,Cameroon,Cameroon,CMR
AFANLOUM,AFANLOUM,CE0501,MEFOU ET AFAMBA,MEFOU ET AFAMBA,CE05,CENTRE,CENTRE,CE,Cameroon,Cameroon,CMR
OLANGUINA,OLANGUINA,CE0502,MEFOU ET AFAMBA,MEFOU ET AFAMBA,CE05,CENTRE,CENTRE,CE,Cameroon,Cameroon,CMR
AWAE,AWAE,CE0503,MEFOU ET AFAMBA,MEFOU ET AFAMBA,CE05,CENTRE,CENTRE,CE,Cameroon,Cameroon,CMR
EZENDOUAN,EZENDOUAN,CE0504,MEFOU ET AFAMBA,MEFOU ET AFAMBA,CE05,CENTRE,CENTRE,CE,Cameroon,Cameroon,CMR
ESSE,ESSE,CE0505,MEFOU ET AFAMBA,MEFOU ET AFAMBA,CE05,CENTRE,CENTRE,CE,Cameroon,Cameroon,CMR
MFOU,MFOU,CE0506,MEFOU ET AFAMBA,MEFOU ET AFAMBA,CE05,CENTRE,CENTRE,CE,Cameroon,Cameroon,CMR
NKOLAFAMBA,NKOLAFAMBA,CE0507,MEFOU ET AFAMBA,MEFOU ET AFAMBA,CE05,CENTRE,CENTRE,CE,Cameroon,Cameroon,CMR
SOA,SOA,CE0508,MEFOU ET AFAMBA,MEFOU ET AFAMBA,CE05,CENTRE,CENTRE,CE,Cameroon,Cameroon,CMR
AKONO,AKONO,CE0601,MEFOU ET AKONO,MEFOU ET AKONO,CE06,CENTRE,CENTRE,CE,Cameroon,Cameroon,CMR
BIKOK,BIKOK,CE0602,MEFOU ET AKONO,MEFOU ET AKONO,CE06,CENTRE,CENTRE,CE,Cameroon,Cameroon,CMR
MBANKOMO,MBANKOMO,CE0603,MEFOU ET AKONO,MEFOU ET AKONO,CE06,CENTRE,CENTRE,CE,Cameroon,Cameroon,CMR
NGOUMOU,NGOUMOU,CE0604,MEFOU ET AKONO,MEFOU ET AKONO,CE06,CENTRE,CENTRE,CE,Cameroon,Cameroon,CMR
YAOUNDE I,YAOUNDE I,CE0701,MFOUNDI,MFOUNDI,CE07,CENTRE,CENTRE,CE,Cameroon,Cameroon,CMR
YAOUNDE II,YAOUNDE II,CE0702,MFOUNDI,MFOUNDI,CE07,CENTRE,CENTRE,CE,Cameroon,Cameroon,CMR
YAOUNDE III,YAOUNDE III,CE0703,MFOUNDI,MFOUNDI,CE07,CENTRE,CENTRE,CE,Cameroon,Cameroon,CMR
YAOUNDE IV,YAOUNDE IV,CE0704,MFOUNDI,MFOUNDI,CE07,CENTRE,CENTRE,CE,Cameroon,Cameroon,CMR
YAOUNDE V,YAOUNDE V,CE0705,MFOUNDI,MFOUNDI,CE07,CENTRE,CENTRE,CE,Cameroon,Cameroon,CMR
YAOUNDE VI,YAOUNDE VI,CE0706,MFOUNDI,MFOUNDI,CE07,CENTRE,CENTRE,CE,Cameroon,Cameroon,CMR
YAOUNDE VII,YAOUNDE VII,CE0707,MFOUNDI,MFOUNDI,CE07,CENTRE,CENTRE,CE,Cameroon,Cameroon,CMR
BIYOUHA,BIYOUHA,CE0801,NYONG ET KELLE,NYONG ET KELLE,CE08,CENTRE,CENTRE,CE,Cameroon,Cameroon,CMR
BONDJOCK,BONDJOCK,CE0802,NYONG ET KELLE,NYONG ET KELLE,CE08,CENTRE,CENTRE,CE,Cameroon,Cameroon,CMR
BOT MAKAK,BOT MAKAK,CE0803,NYONG ET KELLE,NYONG ET KELLE,CE08,CENTRE,CENTRE,CE,Cameroon,Cameroon,CMR
DIBANG,DIBANG,CE0804,NYONG ET KELLE,NYONG ET KELLE,CE08,CENTRE,CENTRE,CE,Cameroon,Cameroon,CMR
ESEKA,ESEKA,CE0805,NYONG ET KELLE,NYONG ET KELLE,CE08,CENTRE,CENTRE,CE,Cameroon,Cameroon,CMR
MAKAK,MAKAK,CE0806,NYONG ET KELLE,NYONG ET KELLE,CE08,CENTRE,CENTRE,CE,Cameroon,Cameroon,CMR
MATOMB,MATOMB,CE0807,NYONG ET KELLE,NYONG ET KELLE,CE08,CENTRE,CENTRE,CE,Cameroon,Cameroon,CMR
MESSONDO,MESSONDO,CE0808,NYONG ET KELLE,NYONG ET KELLE,CE08,CENTRE,CENTRE,CE,Cameroon,Cameroon,CMR
NGUIBASSAL,NGUIBASSAL,CE0809,NYONG ET KELLE,NYONG ET KELLE,CE08,CENTRE,CENTRE,CE,Cameroon,Cameroon,CMR
NGOG MAPUBI,NGOG MAPUBI,CE0810,NYONG ET KELLE,NYONG ET KELLE,CE08,CENTRE,CENTRE,CE,Cameroon,Cameroon,CMR
AKOEMAN,AKOEMAN,CE0901,NYONG ET MFOUMOU,NYONG ET MFOUMOU,CE09,CENTRE,CENTRE,CE,Cameroon,Cameroon,CMR
AKONOLINGA,AKONOLINGA,CE0902,NYONG ET MFOUMOU,NYONG ET MFOUMOU,CE09,CENTRE,CENTRE,CE,Cameroon,Cameroon,CMR
AYOS,AYOS,CE0903,NYONG ET MFOUMOU,NYONG ET MFOUMOU,CE09,CENTRE,CENTRE,CE,Cameroon,Cameroon,CMR
ENDOM,ENDOM,CE0904,NYONG ET MFOUMOU,NYONG ET MFOUMOU,CE09,CENTRE,CENTRE,CE,Cameroon,Cameroon,CMR
MENGANG,MENGANG,CE0905,NYONG ET MFOUMOU,NYONG ET MFOUMOU,CE09,CENTRE,CENTRE,CE,Cameroon,Cameroon,CMR
NYAKOKOMBO (KOBDOMBO),NYAKOKOMBO (KOBDOMBO),CE0906,NYONG ET MFOUMOU,NYONG ET MFOUMOU,CE09,CENTRE,CENTRE,CE,Cameroon,Cameroon,CMR
DZENG,DZENG,CE1001,NYONG ET SO’O,NYONG ET SO’O,CE10,CENTRE,CENTRE,CE,Cameroon,Cameroon,CMR
MBALMAYO,MBALMAYO,CE1002,NYONG ET SO’O,NYONG ET SO’O,CE10,CENTRE,CENTRE,CE,Cameroon,Cameroon,CMR
MBALMAYO,MBALMAYO,CE10002,NYONG ET SO’O,NYONG ET SO’O,CE10,CENTRE,CENTRE,CE,Cameroon,Cameroon,CMR
MENGUEME,MENGUEME,CE1003,NYONG ET SO’O,NYONG ET SO’O,CE10,CENTRE,CENTRE,CE,Cameroon,Cameroon,CMR
NGOMEDZAP,NGOMEDZAP,CE1004,NYONG ET SO’O,NYONG ET SO’O,CE10,CENTRE,CENTRE,CE,Cameroon,Cameroon,CMR
NKOLMETET,NKOLMETET,CE1005,NYONG ET SO’O,NYONG ET SO’O,CE10,CENTRE,CENTRE,CE,Cameroon,Cameroon,CMR
GARI GOMBO,GARI GOMBO,ES0101,BOUMBA ET NGOKO,BOUMBA ET NGOKO,ES01,EST,EST,ES,Cameroon,Cameroon,CMR
MOLOUNDOU,MOLOUNDOU,ES0102,BOUMBA ET NGOKO,BOUMBA ET NGOKO,ES01,EST,EST,ES,Cameroon,Cameroon,CMR
SALAPOUMBE,SALAPOUMBE,ES0103,BOUMBA ET NGOKO,BOUMBA ET NGOKO,ES01,EST,EST,ES,Cameroon,Cameroon,CMR
YOKADOUMA,YOKADOUMA,ES0104,BOUMBA ET NGOKO,BOUMBA ET NGOKO,ES01,EST,EST,ES,Cameroon,Cameroon,CMR
ABONG MBANG,ABONG MBANG,ES0201,HAUT-NYONG,HAUT-NYONG,ES02,EST,EST,ES,Cameroon,Cameroon,CMR
BEBEND (ATOK),BEBEND (ATOK),ES0202,HAUT-NYONG,HAUT-NYONG,ES02,EST,EST,ES,Cameroon,Cameroon,CMR
DIMAKO,DIMAKO,ES0203,HAUT-NYONG,HAUT-NYONG,ES02,EST,EST,ES,Cameroon,Cameroon,CMR
DJA (MINDOUROU),DJA (MINDOUROU),ES0204,HAUT-NYONG,HAUT-NYONG,ES02,EST,EST,ES,Cameroon,Cameroon,CMR
DOUMAINTANG,DOUMAINTANG,ES0205,HAUT-NYONG,HAUT-NYONG,ES02,EST,EST,ES,Cameroon,Cameroon,CMR
DOUME,DOUME,ES0206,HAUT-NYONG,HAUT-NYONG,ES02,EST,EST,ES,Cameroon,Cameroon,CMR
LOMIE,LOMIE,ES0207,HAUT-NYONG,HAUT-NYONG,ES02,EST,EST,ES,Cameroon,Cameroon,CMR
MBOANZ (ANGOSSAS),MBOANZ (ANGOSSAS),ES0208,HAUT-NYONG,HAUT-NYONG,ES02,EST,EST,ES,Cameroon,Cameroon,CMR
MBOMA,MBOMA,ES0209,HAUT-NYONG,HAUT-NYONG,ES02,EST,EST,ES,Cameroon,Cameroon,CMR
MESSAMENA,MESSAMENA,ES0210,HAUT-NYONG,HAUT-NYONG,ES02,EST,EST,ES,Cameroon,Cameroon,CMR
MESSOK,MESSOK,ES0211,HAUT-NYONG,HAUT-NYONG,ES02,EST,EST,ES,Cameroon,Cameroon,CMR
NGOYLA,NGOYLA,ES0212,HAUT-NYONG,HAUT-NYONG,ES02,EST,EST,ES,Cameroon,Cameroon,CMR
NGUELEMENDOUKA,NGUELEMENDOUKA,ES0213,HAUT-NYONG,HAUT-NYONG,ES02,EST,EST,ES,Cameroon,Cameroon,CMR
SOMALOMO,SOMALOMO,ES0214,HAUT-NYONG,HAUT-NYONG,ES02,EST,EST,ES,Cameroon,Cameroon,CMR
BATOURI,BATOURI,ES0301,KADEY,KADEY,ES03,EST,EST,ES,Cameroon,Cameroon,CMR
BOMBE (KENZOU),BOMBE (KENZOU),ES0302,KADEY,KADEY,ES03,EST,EST,ES,Cameroon,Cameroon,CMR
KETTE,KETTE,ES0303,KADEY,KADEY,ES03,EST,EST,ES,Cameroon,Cameroon,CMR
MBANG,MBANG,ES0304,KADEY,KADEY,ES03,EST,EST,ES,Cameroon,Cameroon,CMR
MBOTORO (OULI),MBOTORO (OULI),ES0305,KADEY,KADEY,ES03,EST,EST,ES,Cameroon,Cameroon,CMR
NDEM-NAM (NGUELEBOCK),NDEM-NAM (NGUELEBOCK),ES0306,KADEY,KADEY,ES03,EST,EST,ES,Cameroon,Cameroon,CMR
NDELELE,NDELELE,ES0307,KADEY,KADEY,ES03,EST,EST,ES,Cameroon,Cameroon,CMR
BELABO,BELABO,ES0401,LOM ET DJEREM,LOM ET DJEREM,ES04,EST,EST,ES,Cameroon,Cameroon,CMR
BERTOUA,BERTOUA,ES0402,LOM ET DJEREM,LOM ET DJEREM,ES04,EST,EST,ES,Cameroon,Cameroon,CMR
BERTOUA II,BERTOUA II,ES0403,LOM ET DJEREM,LOM ET DJEREM,ES04,EST,EST,ES,Cameroon,Cameroon,CMR
BETARE-OYA,BETARE-OYA,ES0404,LOM ET DJEREM,LOM ET DJEREM,ES04,EST,EST,ES,Cameroon,Cameroon,CMR
DIANG,DIANG,ES0405,LOM ET DJEREM,LOM ET DJEREM,ES04,EST,EST,ES,Cameroon,Cameroon,CMR
GAROUA-BOULAI,GAROUA-BOULAI,ES0406,LOM ET DJEREM,LOM ET DJEREM,ES04,EST,EST,ES,Cameroon,Cameroon,CMR
MANDJOU,MANDJOU,ES0407,LOM ET DJEREM,LOM ET DJEREM,ES04,EST,EST,ES,Cameroon,Cameroon,CMR
NGOURA,NGOURA,ES0408,LOM ET DJEREM,LOM ET DJEREM,ES04,EST,EST,ES,Cameroon,Cameroon,CMR
BOGO,BOGO,EN0101,DIAMARE,DIAMARE,EN01,EXTREME-NORD,EXTREME-NORD,EN,Cameroon,Cameroon,CMR
DARGALA,DARGALA,EN0102,DIAMARE,DIAMARE,EN01,EXTREME-NORD,EXTREME-NORD,EN,Cameroon,Cameroon,CMR
GAZAWA,GAZAWA,EN0103,DIAMARE,DIAMARE,EN01,EXTREME-NORD,EXTREME-NORD,EN,Cameroon,Cameroon,CMR
MAROUA I,MAROUA I,EN0104,DIAMARE,DIAMARE,EN01,EXTREME-NORD,EXTREME-NORD,EN,Cameroon,Cameroon,CMR
MAROUA II,MAROUA II,EN0105,DIAMARE,DIAMARE,EN01,EXTREME-NORD,EXTREME-NORD,EN,Cameroon,Cameroon,CMR
MAROUA III,MAROUA III,EN0106,DIAMARE,DIAMARE,EN01,EXTREME-NORD,EXTREME-NORD,EN,Cameroon,Cameroon,CMR
MERI,MERI,EN0107,DIAMARE,DIAMARE,EN01,EXTREME-NORD,EXTREME-NORD,EN,Cameroon,Cameroon,CMR
NDOUKOULA,NDOUKOULA,EN0108,DIAMARE,DIAMARE,EN01,EXTREME-NORD,EXTREME-NORD,EN,Cameroon,Cameroon,CMR
PETTE,PETTE,EN0109,DIAMARE,DIAMARE,EN01,EXTREME-NORD,EXTREME-NORD,EN,Cameroon,Cameroon,CMR
BLANGOUA,BLANGOUA,EN0201,LOGONE ET CHARI,LOGONE ET CHARI,EN02,EXTREME-NORD,EXTREME-NORD,EN,Cameroon,Cameroon,CMR
DARAK,DARAK,EN0202,LOGONE ET CHARI,LOGONE ET CHARI,EN02,EXTREME-NORD,EXTREME-NORD,EN,Cameroon,Cameroon,CMR
FOTOKOL,FOTOKOL,EN0203,LOGONE ET CHARI,LOGONE ET CHARI,EN02,EXTREME-NORD,EXTREME-NORD,EN,Cameroon,Cameroon,CMR
GOULFEY,GOULFEY,EN0204,LOGONE ET CHARI,LOGONE ET CHARI,EN02,EXTREME-NORD,EXTREME-NORD,EN,Cameroon,Cameroon,CMR
HILE-ALIFA,HILE-ALIFA,EN0205,LOGONE ET CHARI,LOGONE ET CHARI,EN02,EXTREME-NORD,EXTREME-NORD,EN,Cameroon,Cameroon,CMR
KOUSSERI,KOUSSERI,EN0206,LOGONE ET CHARI,LOGONE ET CHARI,EN02,EXTREME-NORD,EXTREME-NORD,EN,Cameroon,Cameroon,CMR
LOGONE BIRNI,LOGONE BIRNI,EN0207,LOGONE ET CHARI,LOGONE ET CHARI,EN02,EXTREME-NORD,EXTREME-NORD,EN,Cameroon,Cameroon,CMR
MAKARI,MAKARI,EN0208,LOGONE ET CHARI,LOGONE ET CHARI,EN02,EXTREME-NORD,EXTREME-NORD,EN,Cameroon,Cameroon,CMR
WAZA,WAZA,EN0209,LOGONE ET CHARI,LOGONE ET CHARI,EN02,EXTREME-NORD,EXTREME-NORD,EN,Cameroon,Cameroon,CMR
ZINA,ZINA,EN0210,LOGONE ET CHARI,LOGONE ET CHARI,EN02,EXTREME-NORD,EXTREME-NORD,EN,Cameroon,Cameroon,CMR
DATCHEKA DATCHEKA GOBO,DATCHEKA DATCHEKA GOBO,EN0301,MAYO DANAY,MAYO DANAY,EN03,EXTREME-NORD,EXTREME-NORD,EN,Cameroon,Cameroon,CMR
GOBO,GOBO,EN0302,MAYO DANAY,MAYO DANAY,EN03,EXTREME-NORD,EXTREME-NORD,EN,Cameroon,Cameroon,CMR
GUERE,GUERE,EN0303,MAYO DANAY,MAYO DANAY,EN03,EXTREME-NORD,EXTREME-NORD,EN,Cameroon,Cameroon,CMR
KAI-KAI,KAI-KAI,EN0304,MAYO DANAY,MAYO DANAY,EN03,EXTREME-NORD,EXTREME-NORD,EN,Cameroon,Cameroon,CMR
KALFOU,KALFOU,EN0305,MAYO DANAY,MAYO DANAY,EN03,EXTREME-NORD,EXTREME-NORD,EN,Cameroon,Cameroon,CMR
KARHAY,KARHAY,EN0306,MAYO DANAY,MAYO DANAY,EN03,EXTREME-NORD,EXTREME-NORD,EN,Cameroon,Cameroon,CMR
MAGA,MAGA,EN0307,MAYO DANAY,MAYO DANAY,EN03,EXTREME-NORD,EXTREME-NORD,EN,Cameroon,Cameroon,CMR
TCHATIBALI,TCHATIBALI,EN0308,MAYO DANAY,MAYO DANAY,EN03,EXTREME-NORD,EXTREME-NORD,EN,Cameroon,Cameroon,CMR
VELE (GUEME),VELE (GUEME),EN0309,MAYO DANAY,MAYO DANAY,EN03,EXTREME-NORD,EXTREME-NORD,EN,Cameroon,Cameroon,CMR
WINA,WINA,EN0310,MAYO DANAY,MAYO DANAY,EN03,EXTREME-NORD,EXTREME-NORD,EN,Cameroon,Cameroon,CMR
YAGOUA,YAGOUA,EN0311,MAYO DANAY,MAYO DANAY,EN03,EXTREME-NORD,EXTREME-NORD,EN,Cameroon,Cameroon,CMR
GUIDIGUIS,GUIDIGUIS,EN0401,MAYO KANI,MAYO KANI,EN04,EXTREME-NORD,EXTREME-NORD,EN,Cameroon,Cameroon,CMR
KAELE,KAELE,EN0402,MAYO KANI,MAYO KANI,EN04,EXTREME-NORD,EXTREME-NORD,EN,Cameroon,Cameroon,CMR
MINDIF,MINDIF,EN0403,MAYO KANI,MAYO KANI,EN04,EXTREME-NORD,EXTREME-NORD,EN,Cameroon,Cameroon,CMR
MOULVOUDAYE,MOULVOUDAYE,EN0404,MAYO KANI,MAYO KANI,EN04,EXTREME-NORD,EXTREME-NORD,EN,Cameroon,Cameroon,CMR
MOUTOURWA,MOUTOURWA,EN0405,MAYO KANI,MAYO KANI,EN04,EXTREME-NORD,EXTREME-NORD,EN,Cameroon,Cameroon,CMR
PORHI (TOULOUM),PORHI (TOULOUM),EN0406,MAYO KANI,MAYO KANI,EN04,EXTREME-NORD,EXTREME-NORD,EN,Cameroon,Cameroon,CMR
TAIBONG (DZIGUILAO),TAIBONG (DZIGUILAO),EN0407,MAYO KANI,MAYO KANI,EN04,EXTREME-NORD,EXTREME-NORD,EN,Cameroon,Cameroon,CMR
KOLOFATA,KOLOFATA,EN0501,MAYO SAVA,MAYO SAVA,EN05,EXTREME-NORD,EXTREME-NORD,EN,Cameroon,Cameroon,CMR
MORA,MORA,EN0502,MAYO SAVA,MAYO SAVA,EN05,EXTREME-NORD,EXTREME-NORD,EN,Cameroon,Cameroon,CMR
TOKOMBERE,TOKOMBERE,EN0503,MAYO SAVA,MAYO SAVA,EN05,EXTREME-NORD,EXTREME-NORD,EN,Cameroon,Cameroon,CMR
BOURRHA,BOURRHA,EN0601,MAYO TSANAGA,MAYO TSANAGA,EN06,EXTREME-NORD,EXTREME-NORD,EN,Cameroon,Cameroon,CMR
HINA,HINA,EN0602,MAYO TSANAGA,MAYO TSANAGA,EN06,EXTREME-NORD,EXTREME-NORD,EN,Cameroon,Cameroon,CMR
KOZA,KOZA,EN0603,MAYO TSANAGA,MAYO TSANAGA,EN06,EXTREME-NORD,EXTREME-NORD,EN,Cameroon,Cameroon,CMR
MAYO-MOSKOTA,MAYO-MOSKOTA,EN0604,MAYO TSANAGA,MAYO TSANAGA,EN06,EXTREME-NORD,EXTREME-NORD,EN,Cameroon,Cameroon,CMR
MOGODE,MOGODE,EN0605,MAYO TSANAGA,MAYO TSANAGA,EN06,EXTREME-NORD,EXTREME-NORD,EN,Cameroon,Cameroon,CMR
MOKOLO,MOKOLO,EN0606,MAYO TSANAGA,MAYO TSANAGA,EN06,EXTREME-NORD,EXTREME-NORD,EN,Cameroon,Cameroon,CMR
SOULEDE ROUA,SOULEDE ROUA,EN0607,MAYO TSANAGA,MAYO TSANAGA,EN06,EXTREME-NORD,EXTREME-NORD,EN,Cameroon,Cameroon,CMR
ABO/FIKO (BONALEA),ABO/FIKO (BONALEA),LT0101,MOUNGO,MOUNGO,LT01,LITTORAL,LITTORAL,LT,Cameroon,Cameroon,CMR
BARE-BAKEM,BARE-BAKEM,LT0102,MOUNGO,MOUNGO,LT01,LITTORAL,LITTORAL,LT,Cameroon,Cameroon,CMR
DIBOMBARI,DIBOMBARI,LT0103,MOUNGO,MOUNGO,LT01,LITTORAL,LITTORAL,LT,Cameroon,Cameroon,CMR
LOUM,LOUM,LT0104,MOUNGO,MOUNGO,LT01,LITTORAL,LITTORAL,LT,Cameroon,Cameroon,CMR
MANJO,MANJO,LT0105,MOUNGO,MOUNGO,LT01,LITTORAL,LITTORAL,LT,Cameroon,Cameroon,CMR
MBANGA,MBANGA,LT0106,MOUNGO,MOUNGO,LT01,LITTORAL,LITTORAL,LT,Cameroon,Cameroon,CMR
MELONG,MELONG,LT0107,MOUNGO,MOUNGO,LT01,LITTORAL,LITTORAL,LT,Cameroon,Cameroon,CMR
MOMBO,MOMBO,LT0108,MOUNGO,MOUNGO,LT01,LITTORAL,LITTORAL,LT,Cameroon,Cameroon,CMR
NJOMBE-PENJA (PENJA),NJOMBE-PENJA (PENJA),LT0109,MOUNGO,MOUNGO,LT01,LITTORAL,LITTORAL,LT,Cameroon,Cameroon,CMR
NKONGSAMBA I,NKONGSAMBA I,LT0110,MOUNGO,MOUNGO,LT01,LITTORAL,LITTORAL,LT,Cameroon,Cameroon,CMR
NKONGSAMBA II,NKONGSAMBA II,LT0111,MOUNGO,MOUNGO,LT01,LITTORAL,LITTORAL,LT,Cameroon,Cameroon,CMR
NKONGSAMBA III,NKONGSAMBA III,LT0112,MOUNGO,MOUNGO,LT01,LITTORAL,LITTORAL,LT,Cameroon,Cameroon,CMR
NLONAKO (EBONE),NLONAKO (EBONE),LT0113,MOUNGO,MOUNGO,LT01,LITTORAL,LITTORAL,LT,Cameroon,Cameroon,CMR
NKONDJOCK,NKONDJOCK,LT0201,NKAM,NKAM,LT02,LITTORAL,LITTORAL,LT,Cameroon,Cameroon,CMR
NORD MAKOMBÉ (NDOG-BIANG),NORD MAKOMBÉ (NDOG-BIANG),LT0202,NKAM,NKAM,LT02,LITTORAL,LITTORAL,LT,Cameroon,Cameroon,CMR
YABASSI,YABASSI,LT0203,NKAM,NKAM,LT02,LITTORAL,LITTORAL,LT,Cameroon,Cameroon,CMR
YINGUI,YINGUI,LT0204,NKAM,NKAM,LT02,LITTORAL,LITTORAL,LT,Cameroon,Cameroon,CMR
DIBAMBA,DIBAMBA,LT0301,SANAGA MARITIME,SANAGA MARITIME,LT03,LITTORAL,LITTORAL,LT,Cameroon,Cameroon,CMR
DIZANGUE,DIZANGUE,LT0302,SANAGA MARITIME,SANAGA MARITIME,LT03,LITTORAL,LITTORAL,LT,Cameroon,Cameroon,CMR
EDEA I,EDEA I,LT0303,SANAGA MARITIME,SANAGA MARITIME,LT03,LITTORAL,LITTORAL,LT,Cameroon,Cameroon,CMR
EDEA II,EDEA II,LT0304,SANAGA MARITIME,SANAGA MARITIME,LT03,LITTORAL,LITTORAL,LT,Cameroon,Cameroon,CMR
MASSOCK-SONGLOULOU,MASSOCK-SONGLOULOU,LT0305,SANAGA MARITIME,SANAGA MARITIME,LT03,LITTORAL,LITTORAL,LT,Cameroon,Cameroon,CMR
MOUANKO,MOUANKO,LT0306,SANAGA MARITIME,SANAGA MARITIME,LT03,LITTORAL,LITTORAL,LT,Cameroon,Cameroon,CMR
NDOM,NDOM,LT0307,SANAGA MARITIME,SANAGA MARITIME,LT03,LITTORAL,LITTORAL,LT,Cameroon,Cameroon,CMR
NGAMBE,NGAMBE,LT0308,SANAGA MARITIME,SANAGA MARITIME,LT03,LITTORAL,LITTORAL,LT,Cameroon,Cameroon,CMR
NGWEI,NGWEI,LT0309,SANAGA MARITIME,SANAGA MARITIME,LT03,LITTORAL,LITTORAL,LT,Cameroon,Cameroon,CMR
NYANON,NYANON,LT0310,SANAGA MARITIME,SANAGA MARITIME,LT03,LITTORAL,LITTORAL,LT,Cameroon,Cameroon,CMR
POUMA,POUMA,LT0311,SANAGA MARITIME,SANAGA MARITIME,LT03,LITTORAL,LITTORAL,LT,Cameroon,Cameroon,CMR
DOUALA I,DOUALA I,LT0401,WOURI,WOURI,LT04,LITTORAL,LITTORAL,LT,Cameroon,Cameroon,CMR
DOUALA II,DOUALA II,LT0402,WOURI,WOURI,LT04,LITTORAL,LITTORAL,LT,Cameroon,Cameroon,CMR
DOUALA III,DOUALA III,LT0403,WOURI,WOURI,LT04,LITTORAL,LITTORAL,LT,Cameroon,Cameroon,CMR
DOUALA IV,DOUALA IV,LT0404,WOURI,WOURI,LT04,LITTORAL,LITTORAL,LT,Cameroon,Cameroon,CMR
DOUALA V,DOUALA V,LT0405,WOURI,WOURI,LT04,LITTORAL,LITTORAL,LT,Cameroon,Cameroon,CMR
DOUALA VI,DOUALA VI,LT0406,WOURI,WOURI,LT04,LITTORAL,LITTORAL,LT,Cameroon,Cameroon,CMR
BASHEO,BASHEO,NO0101,BENOUE,BENOUE,NO01,NORD,NORD,NO,Cameroon,Cameroon,CMR
BIBEMI,BIBEMI,NO0102,BENOUE,BENOUE,NO01,NORD,NORD,NO,Cameroon,Cameroon,CMR
DEMBO,DEMBO,NO0103,BENOUE,BENOUE,NO01,NORD,NORD,NO,Cameroon,Cameroon,CMR
DEMSA (GASHIGA),DEMSA (GASHIGA),NO0104,BENOUE,BENOUE,NO01,NORD,NORD,NO,Cameroon,Cameroon,CMR
GAROUA I,GAROUA I,NO0105,BENOUE,BENOUE,NO01,NORD,NORD,NO,Cameroon,Cameroon,CMR
GAROUA II,GAROUA II,NO0106,BENOUE,BENOUE,NO01,NORD,NORD,NO,Cameroon,Cameroon,CMR
GAROUA III,GAROUA III,NO0107,BENOUE,BENOUE,NO01,NORD,NORD,NO,Cameroon,Cameroon,CMR
LAGDO,LAGDO,NO0108,BENOUE,BENOUE,NO01,NORD,NORD,NO,Cameroon,Cameroon,CMR
MAYO-HOURNA,MAYO-HOURNA,NO0109,BENOUE,BENOUE,NO01,NORD,NORD,NO,Cameroon,Cameroon,CMR
PITOA,PITOA,NO0110,BENOUE,BENOUE,NO01,NORD,NORD,NO,Cameroon,Cameroon,CMR
TCHEBOA (NGONG),TCHEBOA (NGONG),NO0111,BENOUE,BENOUE,NO01,NORD,NORD,NO,Cameroon,Cameroon,CMR
TOUROUA,TOUROUA,NO0112,BENOUE,BENOUE,NO01,NORD,NORD,NO,Cameroon,Cameroon,CMR
BEKA,BEKA,NO0201,FARO,FARO,NO02,NORD,NORD,NO,Cameroon,Cameroon,CMR
POLI,POLI,NO0202,FARO,FARO,NO02,NORD,NORD,NO,Cameroon,Cameroon,CMR
FIGUIL,FIGUIL,NO0301,MAYO LOUTI,MAYO LOUTI,NO03,NORD,NORD,NO,Cameroon,Cameroon,CMR
GUIDER,GUIDER,NO0302,MAYO LOUTI,MAYO LOUTI,NO03,NORD,NORD,NO,Cameroon,Cameroon,CMR
MAYO-OULO,MAYO-OULO,NO0303,MAYO LOUTI,MAYO LOUTI,NO03,NORD,NORD,NO,Cameroon,Cameroon,CMR
MADINGRING,MADINGRING,NO0401,MAYO-REY,MAYO-REY,NO04,NORD,NORD,NO,Cameroon,Cameroon,CMR
REY-BOUBA,REY-BOUBA,NO0402,MAYO-REY,MAYO-REY,NO04,NORD,NORD,NO,Cameroon,Cameroon,CMR
TCHOLLIRE,TCHOLLIRE,NO0403,MAYO-REY,MAYO-REY,NO04,NORD,NORD,NO,Cameroon,Cameroon,CMR
TOUBORO,TOUBORO,NO0404,MAYO-REY,MAYO-REY,NO04,NORD,NORD,NO,Cameroon,Cameroon,CMR
BELO,BELO,NW0101,BOYO,BOYO,NW01,NORD-OUEST,NORD-OUEST,NW,Cameroon,Cameroon,CMR
BUM,BUM,NW0102,BOYO,BOYO,NW01,NORD-OUEST,NORD-OUEST,NW,Cameroon,Cameroon,CMR
FUNDONG,FUNDONG,NW0103,BOYO,BOYO,NW01,NORD-OUEST,NORD-OUEST,NW,Cameroon,Cameroon,CMR
NJINIKOM,NJINIKOM,NW0104,BOYO,BOYO,NW01,NORD-OUEST,NORD-OUEST,NW,Cameroon,Cameroon,CMR
JAKIRI,JAKIRI,NW0201,BUI,BUI,NW02,NORD-OUEST,NORD-OUEST,NW,Cameroon,Cameroon,CMR
KUMBO,KUMBO,NW0202,BUI,BUI,NW02,NORD-OUEST,NORD-OUEST,NW,Cameroon,Cameroon,CMR
MBVEN (MBIAME),MBVEN (MBIAME),NW0203,BUI,BUI,NW02,NORD-OUEST,NORD-OUEST,NW,Cameroon,Cameroon,CMR
NKUM,NKUM,NW0204,BUI,BUI,NW02,NORD-OUEST,NORD-OUEST,NW,Cameroon,Cameroon,CMR
NONI,NONI,NW0205,BUI,BUI,NW02,NORD-OUEST,NORD-OUEST,NW,Cameroon,Cameroon,CMR
OKU (ELAK-OKU),OKU (ELAK-OKU),NW0206,BUI,BUI,NW02,NORD-OUEST,NORD-OUEST,NW,Cameroon,Cameroon,CMR
AKO,AKO,NW0301,DONGA MANGTUM,DONGA MANGTUM,NW03,NORD-OUEST,NORD-OUEST,NW,Cameroon,Cameroon,CMR
MISAJE,MISAJE,NW0302,DONGA MANGTUM,DONGA MANGTUM,NW03,NORD-OUEST,NORD-OUEST,NW,Cameroon,Cameroon,CMR
NDU,NDU,NW0303,DONGA MANGTUM,DONGA MANGTUM,NW03,NORD-OUEST,NORD-OUEST,NW,Cameroon,Cameroon,CMR
NKAMBE,NKAMBE,NW0304,DONGA MANGTUM,DONGA MANGTUM,NW03,NORD-OUEST,NORD-OUEST,NW,Cameroon,Cameroon,CMR
NWA,NWA,NW0305,DONGA MANGTUM,DONGA MANGTUM,NW03,NORD-OUEST,NORD-OUEST,NW,Cameroon,Cameroon,CMR
FUNGOM,FUNGOM,NW0401,MENCHUM,MENCHUM,NW04,NORD-OUEST,NORD-OUEST,NW,Cameroon,Cameroon,CMR
FURU-AWA,FURU-AWA,NW0402,MENCHUM,MENCHUM,NW04,NORD-OUEST,NORD-OUEST,NW,Cameroon,Cameroon,CMR
MENCHUM VALLEY (BENAKUMA),MENCHUM VALLEY (BENAKUMA),NW0403,MENCHUM,MENCHUM,NW04,NORD-OUEST,NORD-OUEST,NW,Cameroon,Cameroon,CMR
WUM,WUM,NW0404,MENCHUM,MENCHUM,NW04,NORD-OUEST,NORD-OUEST,NW,Cameroon,Cameroon,CMR
BAFUT,BAFUT,NW0501,MEZAM,MEZAM,NW05,NORD-OUEST,NORD-OUEST,NW,Cameroon,Cameroon,CMR
BALI,BALI,NW0502,MEZAM,MEZAM,NW05,NORD-OUEST,NORD-OUEST,NW,Cameroon,Cameroon,CMR
BAMENDA I,BAMENDA I,NW0503,MEZAM,MEZAM,NW05,NORD-OUEST,NORD-OUEST,NW,Cameroon,Cameroon,CMR
BAMENDA II,BAMENDA II,NW0504,MEZAM,MEZAM,NW05,NORD-OUEST,NORD-OUEST,NW,Cameroon,Cameroon,CMR
BAMENDA III,BAMENDA III,NW0505,MEZAM,MEZAM,NW05,NORD-OUEST,NORD-OUEST,NW,Cameroon,Cameroon,CMR
SANTA,SANTA,NW0506,MEZAM,MEZAM,NW05,NORD-OUEST,NORD-OUEST,NW,Cameroon,Cameroon,CMR
TUBAH,TUBAH,NW0507,MEZAM,MEZAM,NW05,NORD-OUEST,NORD-OUEST,NW,Cameroon,Cameroon,CMR
BATIBO,BATIBO,NW0601,MOMO,MOMO,NW06,NORD-OUEST,NORD-OUEST,NW,Cameroon,Cameroon,CMR
MBENGWI,MBENGWI,NW0602,MOMO,MOMO,NW06,NORD-OUEST,NORD-OUEST,NW,Cameroon,Cameroon,CMR
NGIE,NGIE,NW0603,MOMO,MOMO,NW06,NORD-OUEST,NORD-OUEST,NW,Cameroon,Cameroon,CMR
NJIKWA,NJIKWA,NW0604,MOMO,MOMO,NW06,NORD-OUEST,NORD-OUEST,NW,Cameroon,Cameroon,CMR
WIDIKUM-MENKA (WIDIKUM-BOFE),WIDIKUM-MENKA (WIDIKUM-BOFE),NW0605,MOMO,MOMO,NW06,NORD-OUEST,NORD-OUEST,NW,Cameroon,Cameroon,CMR
BABESSI,BABESSI,NW0701,NGO KETUNJIA,NGO KETUNJIA,NW07,NORD-OUEST,NORD-OUEST,NW,Cameroon,Cameroon,CMR
BALIKUMBA,BALIKUMBA,NW0702,NGO KETUNJIA,NGO KETUNJIA,NW07,NORD-OUEST,NORD-OUEST,NW,Cameroon,Cameroon,CMR
NDOP,NDOP,NW0703,NGO KETUNJIA,NGO KETUNJIA,NW07,NORD-OUEST,NORD-OUEST,NW,Cameroon,Cameroon,CMR
BABADJOU,BABADJOU,OU0101,BAMBOUTOS,BAMBOUTOS,OU01,OUEST,OUEST,OU,Cameroon,Cameroon,CMR
BATCHAM,BATCHAM,OU0102,BAMBOUTOS,BAMBOUTOS,OU01,OUEST,OUEST,OU,Cameroon,Cameroon,CMR
GALIM,GALIM,OU0103,BAMBOUTOS,BAMBOUTOS,OU01,OUEST,OUEST,OU,Cameroon,Cameroon,CMR
MBOUDA,MBOUDA,OU0104,BAMBOUTOS,BAMBOUTOS,OU01,OUEST,OUEST,OU,Cameroon,Cameroon,CMR
BAFANG,BAFANG,OU0201,HAUT-NKAM,HAUT-NKAM,OU02,OUEST,OUEST,OU,Cameroon,Cameroon,CMR
BAKOU,BAKOU,OU0202,HAUT-NKAM,HAUT-NKAM,OU02,OUEST,OUEST,OU,Cameroon,Cameroon,CMR
BANA,BANA,OU0203,HAUT-NKAM,HAUT-NKAM,OU02,OUEST,OUEST,OU,Cameroon,Cameroon,CMR
BANDJA,BANDJA,OU0204,HAUT-NKAM,HAUT-NKAM,OU02,OUEST,OUEST,OU,Cameroon,Cameroon,CMR
BANKA,BANKA,OU0205,HAUT-NKAM,HAUT-NKAM,OU02,OUEST,OUEST,OU,Cameroon,Cameroon,CMR
BANWA,BANWA,OU0206,HAUT-NKAM,HAUT-NKAM,OU02,OUEST,OUEST,OU,Cameroon,Cameroon,CMR
KEKEM,KEKEM,OU0207,HAUT-NKAM,HAUT-NKAM,OU02,OUEST,OUEST,OU,Cameroon,Cameroon,CMR
BAHAM,BAHAM,OU0301,HAUTS-PLATEAUX,HAUTS-PLATEAUX,OU03,OUEST,OUEST,OU,Cameroon,Cameroon,CMR
BAMENDJOU,BAMENDJOU,OU0302,HAUTS-PLATEAUX,HAUTS-PLATEAUX,OU03,OUEST,OUEST,OU,Cameroon,Cameroon,CMR
BANGOU,BANGOU,OU0303,HAUTS-PLATEAUX,HAUTS-PLATEAUX,OU03,OUEST,OUEST,OU,Cameroon,Cameroon,CMR
BATIE,BATIE,OU0304,HAUTS-PLATEAUX,HAUTS-PLATEAUX,OU03,OUEST,OUEST,OU,Cameroon,Cameroon,CMR
BAYANGAM,BAYANGAM,OU0401,KOUNG-KHI,KOUNG-KHI,OU04,OUEST,OUEST,OU,Cameroon,Cameroon,CMR
DJEBEM,DJEBEM,OU0402,KOUNG-KHI,KOUNG-KHI,OU04,OUEST,OUEST,OU,Cameroon,Cameroon,CMR
POUMOUGNE (PETE- BANDJOUN),POUMOUGNE (PETE- BANDJOUN),OU0403,KOUNG-KHI,KOUNG-KHI,OU04,OUEST,OUEST,OU,Cameroon,Cameroon,CMR
DSCHANG,DSCHANG,OU0501,MENOUA,MENOUA,OU05,OUEST,OUEST,OU,Cameroon,Cameroon,CMR
FOKOUE,FOKOUE,OU0502,MENOUA,MENOUA,OU05,OUEST,OUEST,OU,Cameroon,Cameroon,CMR
FONGO-TONGO,FONGO-TONGO,OU0503,MENOUA,MENOUA,OU05,OUEST,OUEST,OU,Cameroon,Cameroon,CMR
NKONG-NI,NKONG-NI,OU0504,MENOUA,MENOUA,OU05,OUEST,OUEST,OU,Cameroon,Cameroon,CMR
PENKA MICHEL,PENKA MICHEL,OU0505,MENOUA,MENOUA,OU05,OUEST,OUEST,OU,Cameroon,Cameroon,CMR
SANTCHOU,SANTCHOU,OU0506,MENOUA,MENOUA,OU05,OUEST,OUEST,OU,Cameroon,Cameroon,CMR
BAFOUSSAM I,BAFOUSSAM I,OU0601,MIFI,MIFI,OU06,OUEST,OUEST,OU,Cameroon,Cameroon,CMR
BAFOUSSAM II,BAFOUSSAM II,OU0602,MIFI,MIFI,OU06,OUEST,OUEST,OU,Cameroon,Cameroon,CMR
BAFOUSSAM III,BAFOUSSAM III,OU0603,MIFI,MIFI,OU06,OUEST,OUEST,OU,Cameroon,Cameroon,CMR
BANGANGTE,BANGANGTE,OU0701,NDE,NDE,OU07,OUEST,OUEST,OU,Cameroon,Cameroon,CMR
BASSAMBA,BASSAMBA,OU0702,NDE,NDE,OU07,OUEST,OUEST,OU,Cameroon,Cameroon,CMR
BAZOU,BAZOU,OU0703,NDE,NDE,OU07,OUEST,OUEST,OU,Cameroon,Cameroon,CMR
TONGA,TONGA,OU0704,NDE,NDE,OU07,OUEST,OUEST,OU,Cameroon,Cameroon,CMR
BANGOURAIN,BANGOURAIN,OU0801,NOUN,NOUN,OU08,OUEST,OUEST,OU,Cameroon,Cameroon,CMR
FOUMBAN,FOUMBAN,OU0802,NOUN,NOUN,OU08,OUEST,OUEST,OU,Cameroon,Cameroon,CMR
FOUMBOT,FOUMBOT,OU0803,NOUN,NOUN,OU08,OUEST,OUEST,OU,Cameroon,Cameroon,CMR
KOUOPTAMO,KOUOPTAMO,OU0804,NOUN,NOUN,OU08,OUEST,OUEST,OU,Cameroon,Cameroon,CMR
KOUTABA,KOUTABA,OU0805,NOUN,NOUN,OU08,OUEST,OUEST,OU,Cameroon,Cameroon,CMR
MAGBA,MAGBA,OU0806,NOUN,NOUN,OU08,OUEST,OUEST,OU,Cameroon,Cameroon,CMR
MALENTOUEN,MALENTOUEN,OU0807,NOUN,NOUN,OU08,OUEST,OUEST,OU,Cameroon,Cameroon,CMR
MASSANGAM,MASSANGAM,OU0808,NOUN,NOUN,OU08,OUEST,OUEST,OU,Cameroon,Cameroon,CMR
NJIMOM,NJIMOM,OU0809,NOUN,NOUN,OU08,OUEST,OUEST,OU,Cameroon,Cameroon,CMR
BENGBIS,BENGBIS,SU0101,DJA ET LOBO,DJA ET LOBO,SU01,SUD,SUD,SU,Cameroon,Cameroon,CMR
DJOUM,DJOUM,SU0102,DJA ET LOBO,DJA ET LOBO,SU01,SUD,SUD,SU,Cameroon,Cameroon,CMR
MEYOMESSALA,MEYOMESSALA,SU0103,DJA ET LOBO,DJA ET LOBO,SU01,SUD,SUD,SU,Cameroon,Cameroon,CMR
MEYOMESSI,MEYOMESSI,SU0104,DJA ET LOBO,DJA ET LOBO,SU01,SUD,SUD,SU,Cameroon,Cameroon,CMR
MINTOM,MINTOM,SU0105,DJA ET LOBO,DJA ET LOBO,SU01,SUD,SUD,SU,Cameroon,Cameroon,CMR
OVENG,OVENG,SU0106,DJA ET LOBO,DJA ET LOBO,SU01,SUD,SUD,SU,Cameroon,Cameroon,CMR
SANGMELIMA,SANGMELIMA,SU0107,DJA ET LOBO,DJA ET LOBO,SU01,SUD,SUD,SU,Cameroon,Cameroon,CMR
ZOETELE,ZOETELE,SU0108,DJA ET LOBO,DJA ET LOBO,SU01,SUD,SUD,SU,Cameroon,Cameroon,CMR
BIWONG-BANE,BIWONG-BANE,SU0201,MVILA,MVILA,SU02,SUD,SUD,SU,Cameroon,Cameroon,CMR
BIWONG-BULU,BIWONG-BULU,SU0202,MVILA,MVILA,SU02,SUD,SUD,SU,Cameroon,Cameroon,CMR
EBOLOWA I,EBOLOWA I,SU0203,MVILA,MVILA,SU02,SUD,SUD,SU,Cameroon,Cameroon,CMR
EBOLOWA II,EBOLOWA II,SU0204,MVILA,MVILA,SU02,SUD,SUD,SU,Cameroon,Cameroon,CMR
EFOULAN,EFOULAN,SU0205,MVILA,MVILA,SU02,SUD,SUD,SU,Cameroon,Cameroon,CMR
MENGONG,MENGONG,SU0206,MVILA,MVILA,SU02,SUD,SUD,SU,Cameroon,Cameroon,CMR
MVANGAN,MVANGAN,SU0207,MVILA,MVILA,SU02,SUD,SUD,SU,Cameroon,Cameroon,CMR
NGOULEMAKONG,NGOULEMAKONG,SU0208,MVILA,MVILA,SU02,SUD,SUD,SU,Cameroon,Cameroon,CMR
AKOM II,AKOM II,SU0301,OCEAN,OCEAN,SU03,SUD,SUD,SU,Cameroon,Cameroon,CMR
BIPINDI,BIPINDI,SU0302,OCEAN,OCEAN,SU03,SUD,SUD,SU,Cameroon,Cameroon,CMR
CAMPO,CAMPO,SU0303,OCEAN,OCEAN,SU03,SUD,SUD,SU,Cameroon,Cameroon,CMR
KRIBI I,KRIBI I,SU0304,OCEAN,OCEAN,SU03,SUD,SUD,SU,Cameroon,Cameroon,CMR
KRIBI II,KRIBI II,SU0305,OCEAN,OCEAN,SU03,SUD,SUD,SU,Cameroon,Cameroon,CMR
LOKOUNDJE,LOKOUNDJE,SU0306,OCEAN,OCEAN,SU03,SUD,SUD,SU,Cameroon,Cameroon,CMR
LOLODORF,LOLODORF,SU0307,OCEAN,OCEAN,SU03,SUD,SUD,SU,Cameroon,Cameroon,CMR
MVENGUE,MVENGUE,SU0308,OCEAN,OCEAN,SU03,SUD,SUD,SU,Cameroon,Cameroon,CMR
NIETE,NIETE,SU0309,OCEAN,OCEAN,SU03,SUD,SUD,SU,Cameroon,Cameroon,CMR
AMBAM,AMBAM,SU0401,VALLEE DU NTEM,VALLEE DU NTEM,SU04,SUD,SUD,SU,Cameroon,Cameroon,CMR
KYE-OSSI,KYE-OSSI,SU0402,VALLEE DU NTEM,VALLEE DU NTEM,SU04,SUD,SUD,SU,Cameroon,Cameroon,CMR
MA'AN,MA'AN,SU0403,VALLEE DU NTEM,VALLEE DU NTEM,SU04,SUD,SUD,SU,Cameroon,Cameroon,CMR
OLAMZE,OLAMZE,SU0404,VALLEE DU NTEM,VALLEE DU NTEM,SU04,SUD,SUD,SU,Cameroon,Cameroon,CMR
BUEA,BUEA,SW0101,FAKO,FAKO,SW01,SUD-OUEST,SUD-OUEST,SW,Cameroon,Cameroon,CMR
WEST-COAST,WEST-COAST,SW0102,FAKO,FAKO,SW01,SUD-OUEST,SUD-OUEST,SW,Cameroon,Cameroon,CMR
LIMBE I,LIMBE I,SW0103,FAKO,FAKO,SW01,SUD-OUEST,SUD-OUEST,SW,Cameroon,Cameroon,CMR
LIMBE II,LIMBE II,SW0104,FAKO,FAKO,SW01,SUD-OUEST,SUD-OUEST,SW,Cameroon,Cameroon,CMR
LIMBE III,LIMBE III,SW0105,FAKO,FAKO,SW01,SUD-OUEST,SUD-OUEST,SW,Cameroon,Cameroon,CMR
MUYUKA,MUYUKA,SW0106,FAKO,FAKO,SW01,SUD-OUEST,SUD-OUEST,SW,Cameroon,Cameroon,CMR
TIKO,TIKO,SW0107,FAKO,FAKO,SW01,SUD-OUEST,SUD-OUEST,SW,Cameroon,Cameroon,CMR
BANGEM,BANGEM,SW0201,KOUPE MANENGUBA,KOUPE MANENGUBA,SW02,SUD-OUEST,SUD-OUEST,SW,Cameroon,Cameroon,CMR
NGUTI,NGUTI,SW0202,KOUPE MANENGUBA,KOUPE MANENGUBA,SW02,SUD-OUEST,SUD-OUEST,SW,Cameroon,Cameroon,CMR
TOMBEL,TOMBEL,SW0203,KOUPE MANENGUBA,KOUPE MANENGUBA,SW02,SUD-OUEST,SUD-OUEST,SW,Cameroon,Cameroon,CMR
ALOU,ALOU,SW0301,LEBIALEM,LEBIALEM,SW03,SUD-OUEST,SUD-OUEST,SW,Cameroon,Cameroon,CMR
FONTEM,FONTEM,SW0302,LEBIALEM,LEBIALEM,SW03,SUD-OUEST,SUD-OUEST,SW,Cameroon,Cameroon,CMR
WABANE,WABANE,SW0303,LEBIALEM,LEBIALEM,SW03,SUD-OUEST,SUD-OUEST,SW,Cameroon,Cameroon,CMR
AKWAYA,AKWAYA,SW0401,MANYU,MANYU,SW04,SUD-OUEST,SUD-OUEST,SW,Cameroon,Cameroon,CMR
EYUMEDJOCK,EYUMEDJOCK,SW0402,MANYU,MANYU,SW04,SUD-OUEST,SUD-OUEST,SW,Cameroon,Cameroon,CMR
MAMFE,MAMFE,SW0403,MANYU,MANYU,SW04,SUD-OUEST,SUD-OUEST,SW,Cameroon,Cameroon,CMR
UPPER BANYANG,UPPER BANYANG,SW0404,MANYU,MANYU,SW04,SUD-OUEST,SUD-OUEST,SW,Cameroon,Cameroon,CMR
KONYE,KONYE,SW0501,MEME,MEME,SW05,SUD-OUEST,SUD-OUEST,SW,Cameroon,Cameroon,CMR
KUMBA I,KUMBA I,SW0502,MEME,MEME,SW05,SUD-OUEST,SUD-OUEST,SW,Cameroon,Cameroon,CMR
KUMBA II,KUMBA II,SW0503,MEME,MEME,SW05,SUD-OUEST,SUD-OUEST,SW,Cameroon,Cameroon,CMR
KUMBA III,KUMBA III,SW0504,MEME,MEME,SW05,SUD-OUEST,SUD-OUEST,SW,Cameroon,Cameroon,CMR
MBONGE,MBONGE,SW0505,MEME,MEME,SW05,SUD-OUEST,SUD-OUEST,SW,Cameroon,Cameroon,CMR
BAMUSSO,BAMUSSO,SW0601,NDIAN,NDIAN,SW06,SUD-OUEST,SUD-OUEST,SW,Cameroon,Cameroon,CMR
DIKOME-BALUE,DIKOME-BALUE,SW0602,NDIAN,NDIAN,SW06,SUD-OUEST,SUD-OUEST,SW,Cameroon,Cameroon,CMR
EKONDO-TITI,EKONDO-TITI,SW0603,NDIAN,NDIAN,SW06,SUD-OUEST,SUD-OUEST,SW,Cameroon,Cameroon,CMR
IDABATO,IDABATO,SW0604,NDIAN,NDIAN,SW06,SUD-OUEST,SUD-OUEST,SW,Cameroon,Cameroon,CMR
ISANGELE,ISANGELE,SW0605,NDIAN,NDIAN,SW06,SUD-OUEST,SUD-OUEST,SW,Cameroon,Cameroon,CMR
KOMBO-ABEDIMO,KOMBO-ABEDIMO,SW0606,NDIAN,NDIAN,SW06,SUD-OUEST,SUD-OUEST,SW,Cameroon,Cameroon,CMR
KOMBO-ITINDI,KOMBO-ITINDI,SW0607,NDIAN,NDIAN,SW06,SUD-OUEST,SUD-OUEST,SW,Cameroon,Cameroon,CMR
MUNDEMBA,MUNDEMBA,SW0608,NDIAN,NDIAN,SW06,SUD-OUEST,SUD-OUEST,SW,Cameroon,Cameroon,CMR
TOKO,TOKO,SW0609,NDIAN,NDIAN,SW06,SUD-OUEST,SUD-OUEST,SW,Cameroon,Cameroon,CMR
